{
  "version": 1,
  "author": "Jovanka Dika",
  "editor": "wokwi",
  "parts": [
    { "type": "wokwi-breadboard-half", "id": "bb1", "top": 160.2, "left": -141.2, "attrs": {} },
    { "type": "board-esp32-devkit-c-v4", "id": "esp", "top": 153.6, "left": 244.84, "attrs": {} },
    {
      "type": "wokwi-led",
      "id": "led1",
      "top": -22.8,
      "left": 282.2,
      "attrs": { "color": "green" }
    },
    {
      "type": "wokwi-led",
      "id": "led2",
      "top": -22.8,
      "left": 109.4,
      "attrs": { "color": "red" }
    },
    {
      "type": "wokwi-led",
      "id": "led3",
      "top": -22.8,
      "left": 195.8,
      "attrs": { "color": "yellow" }
    },
    { "type": "wokwi-dht22", "id": "dht1", "top": -9.3, "left": -34.2, "attrs": {} },
    { "type": "wokwi-relay-module", "id": "relay1", "top": 67.4, "left": 67.2, "attrs": {} },
    {
      "type": "wokwi-buzzer",
      "id": "bz1",
      "top": 2.4,
      "left": -142.2,
      "attrs": { "volume": "0.1" }
    }
  ],
  "connections": [
    [ "esp:TX", "$serialMonitor:RX", "", [] ],
    [ "esp:RX", "$serialMonitor:TX", "", [] ],
    [ "esp:3V3", "bb1:tp.25", "green", [ "h0" ] ],
    [ "esp:GND.1", "bb1:tn.25", "black", [ "h-28.65", "v-105.6" ] ],
    [ "relay1:VCC", "bb1:tp.24", "red", [ "h-9.6", "v48", "h86.4" ] ],
    [ "relay1:GND", "bb1:tn.24", "black", [ "h-19.2", "v47.6", "h96" ] ],
    [ "dht1:VCC", "bb1:tp.16", "red", [ "v48", "h86.4" ] ],
    [ "esp:4", "bb1:20t.e", "green", [ "h48", "v86.4", "h-192", "v-134.4" ] ],
    [ "dht1:SDA", "bb1:20t.c", "green", [ "v48", "h76.9" ] ],
    [ "dht1:GND", "bb1:tn.19", "black", [ "v48", "h86.4" ] ],
    [ "esp:14", "led3:A", "green", [ "h0" ] ],
    [ "led1:A", "esp:5", "green", [ "v57.6", "h67.2", "v153.6" ] ],
    [ "esp:27", "led2:A", "green", [ "h-38.25", "v-230.4", "h-67.2" ] ],
    [ "bb1:tn.23", "bb1:bn.23", "green", [ "v0" ] ],
    [ "led2:C", "bb1:bn.24", "green", [ "v28.8", "h336.4", "v355.2", "h-307.2" ] ],
    [ "led3:C", "bb1:bn.22", "green", [ "v19.2", "h259.6", "v384", "h-336" ] ],
    [ "bb1:bn.21", "led1:C", "green", [ "v94.7", "h376", "v-432", "h-134.4", "v38.4", "h-67.2" ] ],
    [ "esp:16", "relay1:IN", "green", [ "h48", "v-153.6", "h-336" ] ],
    [ "bz1:2", "esp:13", "green", [ "v48", "h-48.4", "v259.2", "h384", "v-76.8" ] ],
    [ "bz1:1", "bb1:tn.7", "green", [ "v57.6", "h57.6" ] ]
  ],
  "dependencies": {}
}