{
  "version": 1,
  "author": "Jovanka Dika",
  "editor": "wokwi",
  "parts": [
    { "type": "wokwi-breadboard-half", "id": "bb1", "top": 45, "left": 22, "attrs": {} },
    { "type": "board-esp32-devkit-c-v4", "id": "esp", "top": 38.4, "left": -129.56, "attrs": {} },
    { "type": "wokwi-dht22", "id": "dht1", "top": 48.3, "left": 513, "attrs": {} },
    { "type": "wokwi-relay-module", "id": "relay1", "top": -38.2, "left": 134.4, "attrs": {} },
    { "type": "wokwi-photoresistor-sensor", "id": "ldr1", "top": -44.8, "left": 308, "attrs": {} }
  ],
  "connections": [
    [ "esp:TX", "$serialMonitor:RX", "", [] ],
    [ "esp:RX", "$serialMonitor:TX", "", [] ],
    [ "esp:5V", "bb1:tp.1", "red", [ "h0.15", "v28.8", "h124.8", "v-211.2" ] ],
    [ "esp:GND.2", "bb1:tn.1", "black", [ "v0" ] ],
    [ "esp:4", "dht1:SDA", "green", [ "h38.4", "v86.4", "h393.6" ] ],
    [ "relay1:VCC", "bb1:tp.2", "red", [ "h0" ] ],
    [ "relay1:GND", "bb1:tn.3", "black", [ "h0" ] ],
    [ "esp:5", "relay1:IN", "green", [ "h19.2", "v-153.6" ] ],
    [ "dht1:GND", "bb1:tn.5", "black", [ "v48", "h-76.8", "v-105.6" ] ],
    [ "esp:3V3", "bb1:bp.21", "green", [ "h-28.65", "v220.8", "h9.6" ] ],
    [ "dht1:VCC", "bb1:bp.25", "red", [ "v0" ] ],
    [ "ldr1:VCC", "bb1:bp.22", "red", [ "h19.2", "v220.8" ] ],
    [ "ldr1:GND", "bb1:tn.4", "black", [ "h19.2", "v86", "h-412.8" ] ],
    [ "ldr1:AO", "esp:34", "green", [ "h134.4", "v306.5", "h-796.8", "v-211.2" ] ]
  ],
  "dependencies": {}
}